<component name="ProjectRunConfigurationManager">
  <configuration default="false" name="RbacApplication_Sanath" type="springBootConfigurationType" factoryName="Spring Boot">
    <envs>
      <env name="spring_profiles_active" value="default" />
      <env name="spring_output_ansi_enabled" value="always" />
    </envs>
    <option name="MAIN_CLASS_NAME" value="com.example.rbac.rbac.RbacApplication" />
    <module name="rbac" />
    <method v="2">
      <option name="Make" enabled="true" />
    </method>
  </configuration>
</component>